1,1,6.6174,1
1,2,4.5342,0
1,3,2.5734,8.4827
1,4,1.348,94
1,5,0.4902,9216.141
1,6,0,9636.42
1,7,0,9756.5
1,8,0.3676,9651.43
1,9,1.348,9681.45
1,10,2.5734,9216.141
1,11,4.1665,8930.95
1,12,6.0047,8990.99
1,13,8.2105,9201.13
1,14,10.5389,9576.38
1,15,13.4799,10236.82
1,16,16.421,10732.15
1,17,20.0974,11482.65
1,18,23.6512,12158.1
1,19,27.5726,12923.61
1,20,31.494,13343.89
1,21,35.7831,13013.67
1,22,39.8271,12623.41
1,23,44.3612,12023.01
1,24,48.7728,11437.62
1,25,53.307,11317.54
1,26,58.0863,11452.63
1,27,62.8655,11782.85
1,28,67.7673,12218.14
1,29,72.5465,12578.38
1,30,77.6934,12578.38
1,31,82.7178,12458.3
1,32,87.497,12173.11
1,33,92.2763,11737.82
1,34,97.1781,11347.56
1,35,101.7122,11002.33
1,36,106.3689,10702.13
1,37,110.9031,10537.02
1,38,114.9471,10537.02
1,39,119.1136,10552.03
1,40,122.9125,10702.13
1,41,126.4663,10642.09
1,42,129.6524,10762.17
1,43,132.471,10732.15
1,44,135.0444,10206.8
1,45,137.3728,10161.77
1,46,139.2109,9816.54
1,47,140.6815,9291.19
1,48,141.7844,9396.26
1,49,142.6422,9426.28
1,50,143.2549,9486.32
1,51,143.5,9981.65
1,52,143.5,10221.81
1,53,143.2549,10146.76
1,54,142.7647,10266.84
1,55,142.152,9966.641
1,56,141.1716,9546.36
1,57,139.9462,9576.38
1,58,138.7207,9186.12
1,59,137.2502,8990.99
1,60,135.412,9576.38
1,61,133.6964,8705.8
1,62,131.7357,8255.5
1,63,129.5299,8090.39
1,64,127.2015,7369.91
1,65,124.8732,7084.72
1,66,122.5448,7084.72
1,67,119.6038,7174.78
1,68,116.9078,7760.17
1,69,113.8441,8285.521
1,70,110.7805,8495.66
1,71,107.5944,8675.78
1,72,104.2857,8480.65
1,73,100.7318,7955.3
1,74,97.1781,7595.06
1,75,93.3792,7204.8
1,76,89.4577,7039.69
1,77,85.4138,7189.79
1,78,81.2472,7580.05
1,79,76.9582,7940.29
1,80,72.424,8240.49
1,81,68.0124,8360.57
1,82,63.2331,8075.38
1,83,58.3313,7775.18
1,84,53.5521,7474.98
1,85,48.6503,7099.73
1,86,43.7485,7039.69
1,87,38.9693,7294.86
1,88,34.4351,7520.01
1,89,29.6559,7970.31
1,90,25.2442,8300.53
1,91,20.9552,8420.61
1,92,12.4996,8405.601
1,93,0,8240.49
1,94,0,8060.37
1,95,0,8075.38
1,96,0,8165.44
1,97,0,8405.601
1,98,0,9216.141
1,99,0,12.4996
1,100,0,9.1909
2,101,188.4,2304.8
2,102,188.48,2093.9
2,103,188.54,1974.2
2,104,188.58,2324.6
2,105,188.6,2280.7
2,106,188.6,2260.9
2,107,188.57,2233.1
2,108,188.51,1918.5
2,109,188.42,1858.6
2,110,188.31,2006.2
2,111,188.17,1902.5
2,112,188.02,1811
2,113,187.87,2018
2,114,187.71,2288.8
2,115,187.55,2050.1
2,116,187.4,1791.6
2,117,187.25,1680.2
2,118,187.1,1313.8
2,119,186.96,1242.1
2,120,186.81,1349.6
2,121,186.66,1154.4
2,122,186.5,1138.4
2,123,186.34,1329.4
2,124,186.18,1456.8
2,125,186.02,1381.3
2,126,185.86,1142.6
2,127,185.7,847.9
2,128,185.55,935.6
2,129,185.4,971.4
2,130,185.24,927.5
2,131,185.07,1142.6
2,132,184.88,955.4
2,133,184.68,963.4
2,134,184.46,967.6
2,135,184.22,577.5
2,136,183.97,553.9
2,137,183.69,203.9
2,138,183.4,8.7
2,139,183.09,71.9
2,140,182.76,187.5
2,141,182.41,223.3
2,142,182.05,255.4
2,143,181.65,139.8
2,144,181.24,20.1
2,145,180.79,-43.6
2,146,180.31,8.3
2,147,179.8,227.1
2,148,179.26,274.8
2,149,178.7,338.5
2,150,178.11,155.4
2,151,177.49,131.4
2,152,176.86,350.3
2,153,176.21,187.1
2,154,175.54,214.9
2,155,174.86,179.1
2,156,174.17,362.1
2,157,173.46,270.6
2,158,172.74,182.9
2,159,172.01,258.4
2,160,171.28,115
2,161,170.55,71.1
2,162,169.83,146.6
2,163,169.11,182.5
2,164,168.4,218.3
2,165,167.71,544.7
2,166,167.02,524.9
2,167,166.36,461.2
2,168,165.7,528.7
2,169,165.06,309.8
2,170,164.43,230.1
2,171,163.82,142.4
2,172,163.21,285.8
2,173,162.62,269.8
2,174,162.03,161.8
2,175,161.45,177.9
2,176,160.87,102.4
2,177,160.3,185.9
2,178,159.73,205.7
2,179,159.17,448.6
2,180,158.6,452.8
2,181,158.03,408.9
2,182,157.44,138.2
2,183,156.85,82.5
2,184,156.23,18.9
2,185,155.6,130.6
2,186,154.95,-24.6
2,187,154.28,-0.6
2,188,153.58,87.2
2,189,152.85,314
2,190,152.11,294.2
2,191,151.33,59.3
2,192,150.54,15.1
2,193,149.72,174.5
2,194,148.88,27.3
2,195,148.02,234.3
2,196,147.13,341.9
2,197,146.22,202.7
2,198,145.29,333.8
2,199,144.34,186.7
2,200,143.38,142.8
2,201,142.4,186.7
2,202,141.41,63.1
2,203,140.42,258.4
2,204,139.42,55.1
2,205,138.43,322
2,206,137.43,182.9
2,207,136.44,3.7
2,208,135.45,262.6
2,209,134.47,334.2
2,210,133.5,266.8
2,211,132.53,75.7
2,212,131.58,195.1
2,213,130.63,402.1
2,214,129.69,183.3
2,215,128.76,183.3
2,216,127.84,390.3
2,217,126.93,298.8
2,218,126.03,163.4
2,219,125.14,310.6
2,220,124.26,199.3
2,221,123.38,239.3
2,222,122.5,394.5
2,223,121.62,227.5
2,224,120.74,-3.5
2,225,119.85,-75.2
2,226,118.94,-19.6
2,227,118.03,-39.4
2,228,117.1,48.3
2,229,116.16,147.8
2,230,115.2,12.5
2,231,114.23,40.3
2,232,113.23,-75.2
2,233,112.22,128
2,234,111.19,199.7
2,235,110.13,271.4
2,236,109.05,307.2
2,237,107.95,184.1
2,238,106.83,120.4
2,239,105.68,168.1
2,240,104.52,8.7
2,241,103.33,160
2,242,102.12,56.3
2,243,100.9,16.3
2,244,99.66,167.7
2,245,98.41,68.1
2,246,97.15,-11.6
2,247,95.89,163.4
2,248,94.62,346.5
2,249,93.35,473.8
2,250,92.09,318.6
2,251,90.82,294.6
2,252,89.56,51.7
2,253,88.3,-0.2
2,254,87.06,91.4
2,255,85.82,27.7
2,256,84.59,187.1
2,257,83.37,187.1
2,258,82.17,214.9
2,259,80.97,250.7
2,260,79.79,294.6
2,261,78.63,159.2
2,262,77.48,330.4
2,263,76.34,214.9
2,264,75.21,314.4
2,265,74.09,203.1
2,266,72.98,198.9
2,267,71.88,119.2
2,268,70.78,47.5
2,269,69.69,155
2,270,68.6,115
2,271,67.52,131
2,272,66.44,123
2,273,65.35,63.1
2,274,64.27,63.1
2,275,63.19,55.1
2,276,62.1,71.1
2,277,61.01,162.6
2,278,59.92,-4.8
2,279,58.83,321.6
2,280,57.73,158.4
2,281,56.63,186.3
2,282,55.53,186.3
2,283,54.43,361.3
2,284,53.33,424.9
2,285,52.23,158
2,286,51.14,74.5
2,287,50.05,42.5
2,288,48.97,42.5
2,289,47.91,229.7
2,290,46.85,408.9
2,291,45.82,90.1
2,292,44.8,261.3
2,293,43.8,233.5
2,294,42.81,253.3
2,295,41.85,173.6
2,296,40.91,269.4
2,297,40,317
2,298,39.11,325
2,299,38.26,241.1
2,300,37.43,265.2
2,301,36.63,293
2,302,35.86,157.6
2,303,35.12,265.2
2,304,34.41,185.5
2,305,33.74,444.4
2,306,33.11,317
2,307,32.51,424.5
2,308,31.96,444.4
2,309,31.44,488.2
2,310,30.96,376.9
2,311,30.51,392.9
2,312,30.1,221.7
2,313,29.71,166
2,314,29.35,193.9
2,315,29.02,369.3
2,316,28.7,289.6
2,317,28.41,269.8
2,318,28.15,162.2
2,319,27.9,285.8
2,320,27.67,481
2,321,27.47,266
2,322,27.29,142.4
2,323,27.13,321.6
2,324,26.99,313.6
2,325,26.86,433
2,326,26.75,345.7
2,327,26.64,238.1
2,328,26.53,261.8
2,329,26.43,257.9
2,330,26.33,293.8
2,331,26.23,496.6
2,332,26.13,643.8
2,333,26.03,651.8
2,334,25.94,699.5
2,335,25.84,902.3
2,336,25.75,799
2,337,25.67,898.5
2,338,25.58,830.6
2,339,25.5,874.5
2,340,25.42,850.4
2,341,25.35,914.1
2,342,25.28,914.1
2,343,25.23,989.6
2,344,25.18,1117
2,345,25.15,1105.1
2,346,25.14,1316
2,347,25.14,1455.2
2,348,25.15,1833.4
2,349,25.19,2024.4
2,350,25.24,1996.2
2,351,25.3,2111.3
2,352,25.38,2322.2
2,353,25.49,2640.6
2,354,25.61,2942.9
2,355,25.77,3002.4
2,356,25.95,2998.2
2,357,26.18,2938.3
2,358,26.44,3065.7
2,359,26.75,3105.3
2,360,27.1,3284.1
2,361,27.49,3228.4
2,362,27.92,3363.4
2,363,28.4,3414.9
2,364,28.93,3359.2
2,365,29.5,3255.5
2,366,30.11,3450.3
2,367,30.77,3454.1
2,368,31.47,3505.6
2,369,32.21,3294.3
2,370,32.99,3298.1
2,371,33.8,3484.9
2,372,34.63,3520.4
2,373,35.49,3484.5
2,374,36.36,3663.3
2,375,37.24,3583.6
3,376,16.1759,1
3,377,12.377,0
3,378,9.3134,8.481
3,379,6.6174,94
3,380,4.4116,8210.47
3,381,2.5734,8480.65
3,382,1.2254,8870.91
3,383,0.4902,9216.141
3,384,0,9666.44
3,385,0,9726.48
3,386,0.4902,9696.46
3,387,1.348,9651.43
3,388,2.5734,9201.13
3,389,4.1665,8960.97
3,390,6.0047,8975.98
3,391,8.2105,9216.141
3,392,10.784,9591.391
3,393,13.4799,10281.85
3,394,16.6661,10777.18
3,395,20.0974,11557.7
3,396,23.7737,12188.12
3,397,27.6951,12983.65
3,398,31.7391,13373.91
3,399,35.9056,13013.67
3,400,40.0722,12608.4
3,401,44.3612,12008
3,402,48.7728,11437.62
3,403,53.5521,11287.52
3,404,58.0863,11497.66
3,405,62.988,11797.86
3,406,67.8898,12218.14
3,407,72.7916,12608.4
3,408,77.816,12623.41
3,409,82.8403,12443.29
3,410,87.6196,12188.12
3,411,92.3988,11722.81
3,412,97.3006,11302.53
3,413,101.9573,11017.34
3,414,106.4915,10687.12
3,415,111.0256,10567.04
3,416,115.1921,10552.03
3,417,119.1136,10567.04
3,418,123.035,10717.14
3,419,126.5888,10627.08
3,420,129.6524,10777.18
3,421,132.5935,10642.09
3,422,135.0444,10206.8
3,423,137.3728,10116.74
3,424,139.2109,9771.51
3,425,140.6815,9321.21
3,426,141.7844,9441.29
3,427,142.6422,9411.271
3,428,143.2549,9516.34
3,429,143.5,9981.65
3,430,143.5,10161.77
3,431,143.2549,10176.78
3,432,142.6422,10236.82
3,433,142.0295,9936.62
3,434,140.9266,9576.38
3,435,139.9462,9576.38
3,436,138.5982,9156.101
3,437,137.1277,9051.03
3,438,135.5346,9516.34
3,439,133.6964,8675.78
3,440,131.7357,8240.49
3,441,129.4073,8075.38
3,442,127.2015,7369.91
3,443,124.7506,7054.7
3,444,122.2997,7054.7
3,445,119.4812,7174.78
3,446,116.6627,7745.16
3,447,113.8441,8255.5
3,448,110.7805,8480.65
3,449,107.5944,8660.771
3,450,104.1631,8450.63
3,451,100.6093,7985.32
3,452,97.0555,7565.04
3,453,93.2566,7219.81
3,454,89.3352,7084.72
3,455,85.4138,7204.8
3,456,81.1247,7595.06
3,457,76.7131,8000.33
3,458,72.3015,8255.5
3,459,67.7673,8360.57
3,460,62.988,8165.44
3,461,58.2088,7715.14
3,462,53.307,7444.96
3,463,48.5278,7144.76
3,464,43.626,7039.69
3,465,38.8467,7279.85
3,466,34.0675,7595.06
3,467,24.1413,7955.3
3,468,0,8315.54
3,469,0,8465.64
3,470,0,8375.58
3,471,0,8255.5
3,472,0,8105.4
3,473,0,8210.47
3,474,0,24.1413
3,475,0,19.8523
4,476,38.13,3348.8
4,477,39.02,3256.8
4,478,39.91,3244.6
4,479,40.8,3224.8
4,480,41.68,3172.9
4,481,42.56,3213
4,482,43.43,3205
4,483,44.29,3189
4,484,45.14,3467.7
4,485,45.98,3535.6
4,486,46.8,3261.1
4,487,47.61,3193.6
4,488,48.4,3261.5
4,489,49.18,3253.4
4,490,49.95,3078.4
4,491,50.71,3118.1
4,492,51.47,3046.4
4,493,52.22,3042.6
4,494,52.98,3313.3
4,495,53.73,3373.2
4,496,54.5,3436.9
4,497,55.27,3456.7
4,498,56.05,3476.5
4,499,56.84,3329.3
4,500,57.65,3361
4,501,58.47,3261.5
4,502,59.32,3528
4,503,60.18,3503.9
4,504,61.06,3531.8
4,505,61.95,3380.4
4,506,62.87,3408.2
4,507,63.81,3368.2
4,508,64.78,3276.3
4,509,65.77,3132.9
4,510,66.78,3299.9
4,511,67.81,3403.2
4,512,68.86,3073
4,513,69.94,3164.5
4,514,71.03,3156.5
4,515,72.13,3049.4
4,516,73.25,3168.7
4,517,74.38,3144.7
4,518,75.52,3180.6
4,519,76.67,3399.8
4,520,77.83,3360.2
4,521,78.99,3149.3
4,522,80.16,3081.8
4,523,81.34,3010.6
4,524,82.52,3130.3
4,525,83.69,3365.6
4,526,84.87,3258.5
4,527,86.05,3270.7
4,528,87.23,3207.4
4,529,88.4,3052.6
4,530,89.56,2806.3
4,531,90.73,2655.4
4,532,91.88,2691.6
4,533,93.02,2787.3
4,534,94.16,2807.5
4,535,95.29,2692.4
4,536,96.42,2808
4,537,97.53,2593.3
4,538,98.64,2617.3
4,539,99.74,2546.1
4,540,100.82,2398.9
4,541,101.9,2172
4,542,102.97,2239.9
4,543,104.03,2319.6
4,544,105.08,2510.6
4,545,106.13,2494.6
4,546,107.16,2578.1
4,547,108.19,2578.1
4,548,109.21,2534.2
4,549,110.22,2311.2
4,550,111.22,2629.5
4,551,112.22,2514
4,552,113.22,2390.5
4,553,114.21,2406.1
4,554,115.19,2469.8
4,555,116.17,2477.8
4,556,117.15,2748.5
4,557,118.13,2748.5
4,558,119.11,2645.2
4,559,120.09,2637.2
4,560,121.07,2764.5
4,561,122.06,2629.1
4,562,123.04,2697
4,563,124.02,2549.9
4,564,124.99,2494.2
4,565,125.96,2689.4
4,566,126.93,2633.8
4,567,127.89,2574.3
4,568,128.85,2355.4
4,569,129.81,2514.8
4,570,130.77,2598.7
4,571,131.72,2455.8
4,572,132.68,2435.9
4,573,133.63,2551.5
4,574,134.58,2436.3
4,575,135.51,2269.3
4,576,136.43,2500
4,577,137.33,2440.5
4,578,138.21,2416.5
4,579,139.07,2245.3
4,580,139.91,2249.5
4,581,140.73,2217.9
4,582,141.53,1959
4,583,142.31,1923.1
4,584,143.06,2010.8
4,585,143.8,2297.2
4,586,144.51,2333
4,587,145.2,2408.5
4,588,145.86,2173.6
4,589,146.49,2424.1
4,590,147.09,2268.9
4,591,147.65,2153.4
4,592,148.19,2013.8
4,593,148.69,1934.1
4,594,149.16,2316.2
4,595,149.61,2415.7
4,596,150.03,2407.7
4,597,150.44,2316.2
4,598,150.82,2435.5
4,599,151.19,2371.9
4,600,151.54,2308.2
4,601,151.88,2308.2
4,602,152.2,2200.6
4,603,152.5,2148.8
4,604,152.79,2061.1
4,605,153.07,2144.6
4,606,153.33,2240.3
4,607,153.59,2192.6
4,608,153.84,2300.2
4,609,154.09,2316.2
4,610,154.34,2196.8
4,611,154.58,2260.5
4,612,154.83,2061.5
4,613,155.07,2077.5
4,614,155.32,2089.3
4,615,155.56,2125.2
4,616,155.79,1970
4,617,156.02,2005.8
4,618,156.23,2013.8
4,619,156.43,1974.2
4,620,156.62,1946.4
4,621,156.8,2360.4
4,622,156.96,2050.1
4,623,157.1,2018
4,624,157.24,1994
4,625,157.36,2153.4
4,626,157.46,2225.1
4,627,157.53,2241.1
4,628,157.59,2077.9
4,629,157.61,2077.9
4,630,157.61,1954.4
4,631,157.58,1990.2
4,632,157.52,2034.1
4,633,157.44,1950.6
4,634,157.34,1890.7
4,635,157.23,1862.9
4,636,157.12,1819
4,637,157.01,1886.9
4,638,156.91,1711.9
4,639,156.81,1616.6
4,640,156.72,1576.5
4,641,156.63,1409.5
4,642,156.54,1493
4,643,156.44,1313.8
4,644,156.34,1253.9
4,645,156.23,1205.9
4,646,156.13,1448.8
4,647,156.02,1361.5
4,648,155.92,1082.7
4,649,155.82,971.4
4,650,155.73,792.2
4,651,155.63,887.9
4,652,155.53,895.9
4,653,155.42,792.2
4,654,155.3,804
4,655,155.16,903.5
4,656,155,1035.1
4,657,154.82,720.9
4,658,154.63,768.6
4,659,154.41,303.4
4,660,154.18,223.7
4,661,153.94,271.4
4,662,153.67,175.7
4,663,153.39,112
4,664,153.08,24.3
4,665,152.76,92.2
4,666,152.4,71.9
4,667,152.02,-15.8
4,668,151.61,-127.1
4,669,151.16,227.1
4,670,150.69,230.9
4,671,150.19,286.6
4,672,149.66,358.3
4,673,149.11,151.2
4,674,148.54,306.4
4,675,147.95,290.4
4,676,147.35,250.7
4,677,146.73,306.4
4,678,146.09,135.2
4,679,145.44,135.2
4,680,144.78,139
4,681,144.12,170.6
4,682,143.45,250.3
4,683,142.78,170.6
4,684,142.11,461.2
4,685,141.45,532.9
4,686,140.8,477.2
4,687,140.16,516.9
4,688,139.53,425.3
4,689,138.91,445.2
4,690,138.31,417.3
4,691,137.72,373.5
4,692,137.15,385.3
4,693,136.58,449
4,694,136.03,170.2
4,695,135.49,50.5
4,696,134.96,197.7
4,697,134.43,153.8
4,698,133.91,42.5
4,699,133.39,400.9
4,700,132.88,484.4
4,701,132.37,520.3
4,702,131.86,229.7
4,703,131.34,237.7
4,704,130.81,397.1
4,705,130.27,225.9
4,706,129.72,313.6
4,707,129.15,214.1
4,708,128.56,306
4,709,127.95,234.3
4,710,127.31,262.2
4,711,126.65,258.4
4,712,125.97,87.2
4,713,125.26,-16.6
4,714,124.53,74.9
4,715,123.77,47.1
4,716,123,-8.6
4,717,122.2,-36.4
4,718,121.37,27.3
4,719,120.52,115
4,720,119.66,134.8
4,721,118.77,47.1
4,722,117.87,-24.6
4,723,116.95,-24.6
4,724,116.03,55.1
4,725,115.09,361.7
4,726,114.15,286.2
4,727,113.2,166.8
4,728,112.26,218.7
4,729,111.32,155
4,730,110.39,3.7
4,731,109.46,-24.2
4,732,108.54,-44
4,733,107.62,-36
4,734,106.72,79.5
4,735,105.82,358.3
4,736,104.93,167.2
4,737,104.05,330.4
4,738,103.18,219.1
4,739,102.32,175.3
4,740,101.47,370.5
4,741,100.63,398.3
4,742,99.79,235.1
4,743,98.96,203.5
4,744,98.13,211.5
4,745,97.3,311
4,746,96.47,235.5
4,747,95.64,283.2
4,748,94.79,207.7
4,749,93.93,199.7
4,750,93.06,128
5,751,36.886,1
5,752,32.2293,0
5,753,27.6951,8.5028
5,754,23.2835,95
5,755,19.2395,6623.163
5,756,15.3181,6848.313
5,757,12.1319,6818.292
5,758,8.9458,6713.223
5,759,6.2498,6608.153
5,760,4.2891,6593.143
5,761,2.4509,6578.133
5,762,1.2254,6848.313
5,763,0.3676,7103.482
5,764,0.1225,7463.723
5,765,0,7703.883
5,766,0.7353,7868.993
5,767,1.7156,7944.042
5,768,2.9411,7884.002
5,769,4.6567,7628.833
5,770,6.6174,8229.232
5,771,8.9458,8394.343
5,772,11.6418,9009.753
5,773,14.4603,9400.013
5,774,17.6465,10000.41
5,775,21.2003,11351.31
5,776,24.8766,12462.05
5,777,28.798,13677.86
5,778,32.842,14518.42
5,779,37.0085,14053.11
5,780,41.1751,13692.87
5,781,45.5867,13062.45
5,782,50.1208,12176.86
5,783,54.655,11906.68
5,784,59.3117,12041.77
5,785,64.091,12251.91
5,786,68.9927,12837.3
5,787,74.0171,13182.53
5,788,78.7963,13332.63
5,789,83.6981,13272.59
5,790,88.4774,13032.43
5,791,93.2566,12762.25
5,792,98.0359,12281.93
5,793,102.8151,11861.65
5,794,107.2267,11546.44
5,795,111.5158,11171.19
5,796,115.6823,11171.19
5,797,119.7263,11336.3
5,798,123.5252,11456.38
5,799,127.079,11786.6
5,800,130.1426,11816.62
5,801,132.8386,11681.53
5,802,135.2895,11546.44
5,803,137.6178,11246.24
5,804,139.2109,10630.83
5,805,140.6815,10420.69
5,806,141.9069,10210.55
5,807,142.7647,10210.55
5,808,143.1324,10465.72
5,809,143.3775,10720.89
5,810,143.5,10901.01
5,811,143.1324,10991.07
5,812,142.5196,11096.14
5,813,141.9069,10886
5,814,140.9266,10886
5,815,139.5786,10360.65
5,816,138.3531,10060.45
5,817,136.8826,9715.223
5,818,135.2895,9249.913
5,819,133.3288,8754.583
5,820,131.3681,8319.293
5,821,129.1623,7478.732
5,822,126.9564,6773.263
5,823,124.383,5722.563
5,824,121.8096,5017.093
5,825,119.1136,4716.893
5,826,116.295,5032.103
5,827,113.2314,5737.573
5,828,110.0453,6548.113
5,829,106.9816,7283.603
5,830,103.4278,7388.673
5,831,99.9966,7163.522
5,832,96.3202,6518.093
5,833,92.3988,5737.573
5,834,88.5999,5137.172
5,835,84.5559,4866.993
5,836,80.3894,5122.163
5,837,75.9778,5662.522
5,838,71.3211,6232.903
5,839,66.7869,6698.212
5,840,62.1302,6893.343
5,841,57.4735,6713.223
5,842,52.6943,6277.933
5,843,47.6699,5857.653
5,844,41.6653,5482.402
5,845,0,5317.292
5,846,0,5497.413
5,847,0,5812.623
5,848,0,6217.893
5,849,0,6623.163
5,850,0,41.6653
6,851,80.84,-1355.7
6,852,80,-1379.7
6,853,79.15,-1495.3
6,854,78.29,-1367.9
6,855,77.41,-1495.3
6,856,76.52,-1539.1
6,857,75.6,-1491.5
6,858,74.66,-1611.2
6,859,73.7,-1567.4
6,860,72.72,-1663.1
6,861,71.7,-1556
6,862,70.67,-1480.5
6,863,69.6,-1600.2
6,864,68.51,-1516.7
6,865,67.39,-1671.9
6,866,66.25,-1692.1
6,867,65.09,-1453.5
6,868,63.91,-1593
6,869,62.71,-1390.2
6,870,61.5,-1617
6,871,60.28,-1525.5
6,872,59.05,-1434
6,873,57.81,-1549.6
6,874,56.57,-1453.9
6,875,55.33,-1648.7
6,876,54.09,-1636.9
6,877,52.85,-1465.7
6,878,51.61,-1465.7
6,879,50.39,-1442
6,880,49.17,-1346.3
6,881,47.96,-1374.2
6,882,46.77,-1338.3
6,883,45.59,-1286.5
6,884,44.43,-1453.5
6,885,43.28,-1329.9
6,886,42.16,-1560.6
6,887,41.05,-1381.4
6,888,39.96,-1600.2
6,889,38.88,-1476.7
6,890,37.83,-1500.7
6,891,36.79,-1321.5
6,892,35.76,-1504.5
6,893,34.75,-1377.2
6,894,33.75,-1476.7
6,895,32.76,-1377.2
6,896,31.78,-1393.2
6,897,30.81,-1385.2
6,898,29.86,-1464.9
6,899,28.91,-1281.8
6,900,27.97,-1469.1
6,901,27.04,-1425.2
6,902,26.12,-1568.6
6,903,25.2,-1532.7
6,904,24.29,-1465.3
6,905,23.39,-1393.6
6,906,22.49,-1580.8
6,907,21.59,-1628.5
6,908,20.7,-1497.3
6,909,19.81,-1533.1
6,910,18.92,-1648.7
6,911,18.05,-1485.5
6,912,17.18,-1545.4
6,913,16.33,-1421.8
6,914,15.49,-1537.4
6,915,14.66,-1449.6
6,916,13.84,-1465.7
6,917,13.05,-1616.6
6,918,12.27,-1553
6,919,11.5,-1401.6
6,920,10.76,-1576.6
6,921,10.04,-1512.9
6,922,9.33,-1345.5
6,923,8.65,-1472.9
6,924,8,-1381
6,925,7.38,-1372.9
6,926,6.79,-1368.7
6,927,6.23,-1416.4
6,928,5.7,-1320.7
6,929,5.21,-1324.5
6,930,4.75,-1352.3
6,931,4.32,-1184.9
6,932,3.93,-1276.4
6,933,3.57,-1236.4
6,934,3.24,-1244.4
6,935,2.95,-1276
6,936,2.7,-1176.5
6,937,2.47,-1220.4
6,938,2.28,-1180.3
6,939,2.12,-1224.2
6,940,2,-1255.8
6,941,1.9,-1255.8
6,942,1.84,-1196.3
6,943,1.8,-1156.3
6,944,1.77,-1084.6
6,945,1.76,-1200.1
6,946,1.76,-1140.3
6,947,1.75,-1211.9
6,948,1.74,-834.5
6,949,1.73,-791.1
6,950,1.71,-488.7
6,951,1.69,-604.2
6,952,1.67,-552.4
6,953,1.65,-596.2
6,954,1.63,-787.3
6,955,1.62,-795.3
6,956,1.62,-743.4
6,957,1.62,-767.4
6,958,1.63,-671.7
6,959,1.64,-723.6
6,960,1.66,-425
6,961,1.68,-238.2
6,962,1.7,-198.6
6,963,1.73,108
6,964,1.76,119.8
6,965,1.79,410.4
6,966,1.83,461.8
6,967,1.87,768
6,968,1.92,1058.5
6,969,1.96,1317
6,970,2,1595.4
6,971,2.03,1734.5
6,972,2.08,1961.4
6,973,2.12,2192.1
6,974,2.18,2211.9
6,975,2.25,2335
6,976,2.34,2573.7
6,977,2.46,2868
6,978,2.63,2740.7
6,979,2.83,2871.9
6,980,3.09,3022.8
6,981,3.39,3102.1
6,982,3.74,3201.2
6,983,4.15,3125.3
6,984,4.62,3132.9
6,985,5.14,3331.6
6,986,5.73,3271.3
6,987,6.37,3458.1
6,988,7.07,3497.4
6,989,7.82,3485.1
6,990,8.64,3699.4
6,991,9.5,3563.6
6,992,10.42,3889.2
6,993,11.39,3996.3
6,994,12.39,4234.6
6,995,13.42,4226.2
6,996,14.47,4058.8
6,997,15.54,4181.9
6,998,16.61,4058.4
6,999,17.69,3950.9
6,1000,18.77,4161.7
6,1001,19.84,4085.8
6,1002,20.9,4296.7
6,1003,21.96,4042
6,1004,22.99,4002.3
6,1005,24.02,4077.8
6,1006,25.02,3958.5
6,1007,26.01,4038.2
6,1008,26.98,3807.5
6,1009,27.93,3843.3
6,1010,28.85,4014.5
6,1011,29.75,3799.9
6,1012,30.63,3820.1
6,1013,31.49,3728.6
6,1014,32.33,3812.5
6,1015,33.16,3808.7
6,1016,33.98,3653.5
6,1017,34.8,3701.6
6,1018,35.62,3701.6
6,1019,36.44,3804.9
6,1020,37.27,3725.6
6,1021,38.1,3673.8
6,1022,38.96,3705.4
6,1023,39.82,3693.6
6,1024,40.7,3971.9
6,1025,41.6,3856.4
6,1026,42.51,4035.2
6,1027,43.44,3856
6,1028,44.4,3820.1
6,1029,45.38,4142.3
6,1030,46.38,3963.1
6,1031,47.4,3990.9
6,1032,48.45,4078.2
6,1033,49.52,3938.7
6,1034,50.62,4074
6,1035,51.74,3910.8
6,1036,52.88,4093.4
6,1037,54.03,4133.5
6,1038,55.21,4149.1
6,1039,56.39,4244.8
6,1040,57.59,4081.6
6,1041,58.79,3998.1
6,1042,60.01,4054.2
6,1043,61.23,3931
6,1044,62.47,3828.1
6,1045,63.71,3653.5
6,1046,64.95,3610.1
6,1047,66.2,3519
6,1048,67.45,3467.5
6,1049,68.71,3368.4
6,1050,69.97,3559.8
6,1051,71.22,3405
6,1052,72.47,3222.4
6,1053,73.72,2992.2
6,1054,74.96,2964.7
6,1055,76.18,2996.8
6,1056,77.4,2985
6,1057,78.62,3132.5
6,1058,79.82,2826.4
6,1059,81,3021.6
6,1060,82.18,2902.3
6,1061,83.34,2974
6,1062,84.48,3001.8
6,1063,85.61,2830.6
6,1064,86.72,2854.6
6,1065,87.81,2954.1
6,1066,88.89,2671.6
6,1067,89.94,2755.1
6,1068,90.97,2691.4
6,1069,91.99,2842.4
6,1070,92.98,2726.9
6,1071,93.96,2905.7
6,1072,94.92,2873.6
6,1073,95.88,3001
6,1074,96.81,2945.3
6,1075,97.74,3033
6,1076,98.66,2782.5
6,1077,99.58,2914.1
6,1078,100.49,2850.4
6,1079,101.4,2823
6,1080,102.31,2751.3
6,1081,103.23,2886.7
6,1082,104.14,2827.2
6,1083,105.06,2827.2
6,1084,105.98,2715.9
6,1085,106.91,2895.1
6,1086,107.85,2839.4
6,1087,108.79,2720.1
6,1088,109.74,2843.6
6,1089,110.69,2815.8
6,1090,111.65,2760.1
6,1091,112.62,2760.1
6,1092,113.58,2728.1
6,1093,114.55,2796
6,1094,115.51,2799.8
6,1095,116.47,2720.5
6,1096,117.43,2712.5
6,1097,118.37,2708.7
6,1098,119.31,2764.3
6,1099,120.23,2645
6,1100,121.14,2708.7
6,1101,122.03,2677
6,1102,122.91,2732.7
6,1103,123.76,2589.3
6,1104,124.59,2657.2
6,1105,125.4,2585.5
6,1106,126.18,2502
6,1107,126.94,2589.7
6,1108,127.66,2426.5
6,1109,128.35,2438.7
6,1110,129.01,2351
6,1111,129.62,2486.4
6,1112,130.19,2367.1
6,1113,130.73,2208.1
6,1114,131.24,2323.6
6,1115,131.71,2128.8
6,1116,132.16,2347.6
6,1117,132.59,2292
6,1118,132.98,2259.9
6,1119,133.35,2375.5
6,1120,133.7,2204.3
6,1121,134.02,2423.1
6,1122,134.32,2256.1
6,1123,134.59,2391.5
6,1124,134.85,2280.2
6,1125,135.08,2252.3
7,1126,56.1468,1
7,1127,51.2325,0
7,1128,46.3181,8.5039
7,1129,41.4037,95
7,1130,36.735,5362.323
7,1131,32.0664,5542.442
7,1132,27.5206,5857.653
7,1133,23.0976,6337.973
7,1134,19.0432,6638.172
7,1135,15.1117,6818.292
7,1136,11.7945,6788.272
7,1137,8.723,6758.252
7,1138,6.143,6593.143
7,1139,3.9315,6548.113
7,1140,2.2115,6578.133
7,1141,1.1057,6818.292
7,1142,0.1229,7043.442
7,1143,0,7433.703
7,1144,0,7718.893
7,1145,0.3686,7838.973
7,1146,1.3515,7974.063
7,1147,2.7029,7899.013
7,1148,4.4229,7628.833
7,1149,6.3887,8214.223
7,1150,8.723,8379.333
7,1151,11.4259,9009.753
7,1152,14.2517,9385.003
7,1153,17.4461,10030.43
7,1154,21.009,11381.33
7,1155,24.8176,12477.06
7,1156,28.6263,13662.85
7,1157,32.6807,14503.41
7,1158,36.8579,14053.11
7,1159,41.158,13692.87
7,1160,45.5809,13062.45
7,1161,50.0039,12146.84
7,1162,54.6725,11966.72
7,1163,59.3412,12041.77
7,1164,64.0099,12281.93
7,1165,68.9242,12912.35
7,1166,73.8386,13212.55
7,1167,78.8759,13347.64
7,1168,83.6674,13287.6
7,1169,88.4589,13032.43
7,1170,93.2504,12702.21
7,1171,98.042,12281.93
7,1172,102.7106,11846.64
7,1173,107.3793,11516.42
7,1174,111.5565,11141.17
7,1175,115.7337,11126.16
7,1176,119.6652,11321.29
7,1177,123.5967,11411.35
7,1178,127.2825,11846.64
7,1179,130.2312,11846.64
7,1180,133.0569,11696.54
7,1181,135.3913,11576.46
7,1182,137.7256,11261.25
7,1183,139.5685,10600.81
7,1184,140.7971,10450.71
7,1185,142.0257,10135.5
7,1186,142.8857,10150.51
7,1187,143.2543,10450.71
7,1188,143.5,10705.88
7,1189,143.5,10901.01
7,1190,143.2543,11036.1
7,1191,142.7628,11126.16
7,1192,141.9028,10825.96
7,1193,141.0428,10870.99
7,1194,139.8142,10300.61
7,1195,138.3399,10060.45
7,1196,137.1113,9700.213
7,1197,135.2684,9219.893
7,1198,133.4255,8739.572
7,1199,131.4598,8289.272
7,1200,129.2483,7478.732
7,1201,127.0368,6743.243
7,1202,124.4568,5722.563
7,1203,121.8767,5017.093
7,1204,119.1738,4671.863
7,1205,116.2252,5017.093
7,1206,113.3994,5767.593
7,1207,110.205,6488.073
7,1208,106.8878,7298.613
7,1209,103.5706,7403.683
7,1210,100.0077,7118.493
7,1211,96.4448,6578.133
7,1212,92.5133,5767.593
7,1213,88.5818,5137.172
7,1214,84.5274,4897.013
7,1215,80.3502,5122.163
7,1216,75.9272,5662.522
7,1217,71.3814,6232.903
7,1218,66.8356,6713.223
7,1219,60.8155,6923.363
7,1220,0,6728.232
7,1221,0,6292.942
7,1222,0,5842.643
7,1223,0,5437.373
7,1224,0,5362.323
7,1225,0,60.8155
8,1226,135.5,2288.2
8,1227,135.7,2332
8,1228,135.88,2224.5
8,1229,136.06,2264.5
8,1230,136.24,2348
8,1231,136.42,2200.9
8,1232,136.59,2316.4
8,1233,136.77,2380.1
8,1234,136.94,2228.7
8,1235,137.1,2300.4
8,1236,137.27,2375.9
8,1237,137.42,2324
8,1238,137.56,2284
8,1239,137.7,2220.3
8,1240,137.83,2415.1
8,1241,137.95,2295.8
8,1242,138.06,2351.4
8,1243,138.16,2415.1
8,1244,138.26,2343.4
8,1245,138.34,2351.4
8,1246,138.41,2407.1
8,1247,138.46,2259.9
8,1248,138.49,2267.9
8,1249,138.51,2311.8
8,1250,138.52,2276
8,1251,138.51,2208.5
8,1252,138.5,2240.5
8,1253,138.49,2121.2
8,1254,138.49,2061.7
8,1255,138.49,1870.7
8,1256,138.5,1779.2
8,1257,138.52,1687.7
8,1258,138.54,1751.3
8,1259,138.55,1799
8,1260,138.57,1703.3
8,1261,138.57,1794.8
8,1262,138.58,1790.6
8,1263,138.57,1890.1
8,1264,138.56,1683.1
8,1265,138.55,1762.8
8,1266,138.54,1571.7
8,1267,138.53,1309
8,1268,138.51,1313.2
8,1269,138.49,1062.3
8,1270,138.47,931.2
8,1271,138.44,779.8
8,1272,138.42,664.7
8,1273,138.39,437.8
8,1274,138.37,183.1
8,1275,138.34,-35.8
8,1276,138.32,-127.3
8,1277,138.3,-334.3
8,1278,138.27,-553.2
8,1279,138.25,-553.2
8,1280,138.23,-716.4
8,1281,138.21,-756
8,1282,138.18,-990.9
8,1283,138.15,-1102.2
8,1284,138.1,-1193.7
8,1285,138.04,-1369.1
8,1286,137.95,-1516.3
8,1287,137.84,-1603.6
8,1288,137.7,-1540.3
8,1289,137.53,-1556.4
8,1290,137.33,-1743.6
8,1291,137.08,-1624.3
8,1292,136.79,-1584.6
8,1293,136.45,-1692.1
8,1294,136.07,-1608.6
8,1295,135.64,-1863.3
8,1296,135.16,-1974.7
8,1297,134.63,-1815.7
8,1298,134.07,-1784
8,1299,133.46,-1644.9
8,1300,132.8,-1696.7
8,1301,132.11,-1573.2
8,1302,131.39,-1784
8,1303,130.63,-1684.5
8,1304,129.86,-1827.9
8,1305,129.06,-1811.9
8,1306,128.26,-1617
8,1307,127.45,-1676.9
8,1308,126.64,-1644.9
8,1309,125.84,-1668.9
8,1310,125.05,-1561.4
8,1311,124.28,-1577.4
8,1312,123.52,-1513.7
8,1313,122.78,-1629.3
8,1314,122.08,-1485.9
8,1315,121.4,-1434.4
8,1316,120.75,-1597.2
8,1317,120.13,-1430.2
8,1318,119.55,-1465.7
8,1319,119,-1374.2
8,1320,118.47,-1354.3
8,1321,117.98,-1477.5
8,1322,117.52,-1485.1
8,1323,117.07,-1441.2
8,1324,116.65,-1469.1
8,1325,116.24,-1373.4
8,1326,115.84,-1365.3
8,1327,115.45,-1520.5
8,1328,115.05,-1397
8,1329,114.65,-1484.7
8,1330,114.24,-1424.8
8,1331,113.81,-1361.1
8,1332,113.36,-1488.5
8,1333,112.89,-1572
8,1334,112.39,-1798.9
8,1335,111.85,-1782.8
8,1336,111.29,-1727.2
8,1337,110.69,-1810.7
8,1338,110.05,-1882.4
8,1339,109.37,-1599.8
8,1340,108.65,-1826.7
8,1341,107.89,-1774.8
8,1342,107.09,-1818.7
8,1343,106.25,-1715.4
8,1344,105.38,-1604
8,1345,104.47,-1763.4
8,1346,103.53,-1592.2
8,1347,102.57,-1719.6
8,1348,101.59,-1683.7
8,1349,100.58,-1671.9
8,1350,99.57,-1655.9
8,1351,98.54,-1683.7
8,1352,97.51,-1719.6
8,1353,96.47,-1548.4
8,1354,95.43,-1568.2
8,1355,94.41,-1560.2
8,1356,93.38,-1536.1
8,1357,92.38,-1496.5
8,1358,91.38,-1523.9
8,1359,90.4,-1332.9
8,1360,89.44,-1388.6
8,1361,88.49,-1408.4
8,1362,87.57,-1368.3
8,1363,86.67,-1523.5
8,1364,85.78,-1316.5
8,1365,84.91,-1408
8,1366,84.06,-1419.8
8,1367,83.22,-1312.3
8,1368,82.4,-1507.1
8,1369,81.58,-1475.1
8,1370,80.77,-1371.7
8,1371,79.96,-1610.4
8,1372,79.15,-1371.7
8,1373,78.34,-1551
8,1374,77.52,-1379.7
8,1375,76.69,-1542.9
8,1376,75.85,-1590.6
8,1377,74.99,-1459.4
8,1378,74.11,-1575
8,1379,73.22,-1666.5
8,1380,72.3,-1515.5
8,1381,71.35,-1611.2
8,1382,70.39,-1535.7
8,1383,69.4,-1591.8
8,1384,68.38,-1508.3
8,1385,67.33,-1675.7
8,1386,66.26,-1508.7
8,1387,65.17,-1588.4
8,1388,64.05,-1600.6
8,1389,62.91,-1433.6
8,1390,61.75,-1668.5
8,1391,60.58,-1636.9
8,1392,59.39,-1453.9
8,1393,58.19,-1633.1
8,1394,56.98,-1489.7
8,1395,55.76,-1541.6
8,1396,54.54,-1545.4
8,1397,53.31,-1700.5
8,1398,52.09,-1398.2
8,1399,50.87,-1680.7
8,1400,49.65,-1418
8,1401,48.44,-1406.2
8,1402,47.25,-1374.2
8,1403,46.06,-1426
8,1404,44.88,-1386
8,1405,43.73,-1338.3
8,1406,42.58,-1353.9
8,1407,41.46,-1445.4
8,1408,40.35,-1488.9
8,1409,39.26,-1544.6
8,1410,38.18,-1580.4
8,1411,37.12,-1476.7
8,1412,36.08,-1548.4
8,1413,35.05,-1385.2
8,1414,34.04,-1456.9
8,1415,33.04,-1357.3
8,1416,32.06,-1576.2
8,1417,31.09,-1377.2
8,1418,30.13,-1476.7
8,1419,29.18,-1468.7
8,1420,28.25,-1659.7
8,1421,27.32,-1520.5
8,1422,26.4,-1536.5
8,1423,25.49,-1580.4
8,1424,24.59,-1385.6
8,1425,23.69,-1501.1
8,1426,22.79,-1429.4
8,1427,21.9,-1564.8
8,1428,21.02,-1397.8
8,1429,20.14,-1525.1
8,1430,19.27,-1561
8,1431,18.4,-1521.3
8,1432,17.54,-1577
8,1433,16.68,-1593
8,1434,15.84,-1549.2
8,1435,15,-1465.7
8,1436,14.18,-1601
8,1437,13.37,-1493.5
8,1438,12.57,-1477.5
8,1439,11.78,-1644.5
8,1440,11.01,-1553
8,1441,10.26,-1445.4
8,1442,9.53,-1604.4
8,1443,8.83,-1437.4
8,1444,8.14,-1409.2
8,1445,7.48,-1365.3
8,1446,6.84,-1432.8
8,1447,6.24,-1309.3
8,1448,5.66,-1384.8
8,1449,5.11,-1261.2
8,1450,4.59,-1372.5
8,1451,4.1,-1296.7
8,1452,3.65,-1416
8,1453,3.23,-1332.1
8,1454,2.84,-1276.4
8,1455,2.49,-1208.5
8,1456,2.18,-1292
8,1457,1.9,-1220.4
8,1458,1.65,-1276
8,1459,1.44,-1057.2
8,1460,1.26,-1224.2
8,1461,1.11,-1196.3
8,1462,1,-1335.5
8,1463,0.92,-1263.8
8,1464,0.86,-1100.6
8,1465,0.83,-1208.1
8,1466,0.82,-1156.3
8,1467,0.82,-1255.8
8,1468,0.83,-1148.3
8,1469,0.85,-1208.1
8,1470,0.85,-850.1
8,1471,0.85,-838.7
8,1472,0.85,-524.5
8,1473,0.85,-576.4
8,1474,0.84,-504.7
8,1475,0.83,-640.1
8,1476,0.83,-679.7
8,1477,0.83,-731.6
8,1478,0.84,-779.2
8,1479,0.86,-731.6
8,1480,0.88,-679.7
8,1481,0.91,-596.2
8,1482,0.94,-504.7
8,1483,0.97,-246.2
8,1484,1,-154.7
8,1485,1.04,28.3
8,1486,1.08,183.5
8,1487,1.13,366.5
8,1488,1.18,434
8,1489,1.23,736.3
8,1490,1.29,1086.4
8,1491,1.34,1090.2
8,1492,1.4,1567.5
8,1493,1.45,1742.5
8,1494,1.5,1961.4
8,1495,1.56,2048.7
8,1496,1.63,2303.4
8,1497,1.71,2335
8,1498,1.81,2657.2
8,1499,1.94,2788.4
8,1500,2.1,2768.5
